{
  "result": {
    "prdt_div": "S",
    "total_count": "133",
    "max_page_no": "3",
    "now_page_no": "1",
    "err_cd": "000",
    "err_msg": "정상",
    "baseList": [
      {
        "dcls_month": "201609",
        "fin_co_no": "0010001",
        "fin_prdt_cd": "WR0001A",
        "kor_co_nm": "우리은행",
        "fin_prdt_nm": "올포미 적금",
        "join_way": "영업점",
        "mtrt_int": "만기 후\n- 1개월이내 : 만기시점약정이율×50%\n- 1개월초과 6개월이내: 만기시점약정이율×30%\n- 6개월초과 : 만기시점약정이율×20%\n\n※ 만기시점 약정이율 : 일반정기적금 금리",
        "spcl_cnd": "- 신규 시 아래항목 충족 시 최고 연0.2%p\n1. 올포미 신용 카드 보유 및 우리은행 결제계좌 지정 연 0.2%p\n2. 우리은행 첫거래 고객 연 0.1%p\n3. 급여/연금치에 고객 연0.1%p\n4. 통신비/공과금 자동이체 고객 연0.1%p",
        "join_deny": "1",
        "join_member": "개인,개인사업자",
        "etc_note": "해당없음",
        "max_limit": 3000000,
        "dcls_strt_day": "20160920",
        "dcls_end_day": null,
        "fin_co_subm_day": "201609201049"
      },
      {
        "dcls_month": "201609",
        "fin_co_no": "0010001",
        "fin_prdt_cd": "WR0001B",
        "kor_co_nm": "우리은행",
        "fin_prdt_nm": "우리웰리치100적금",
        "join_way": "영업점,인터넷,스마트폰",
        "mtrt_int": "만기 후\n- 1개월이내 : 만기시점약정이율×50%\n- 1개월초과 6개월이내: 만기시점약정이율×30%\n- 6개월초과 : 만기시점약정이율×20%\n\n※ 만기시점 약정이율 : 일반정기적금 금리",
        "spcl_cnd": "- 신규 시 아래항목 충족 시 최고 연0.2%p\n1. 연금이체 실적 보유 연 0.1%p\n2. 우리웰리치100연금통장에서 자동이체 연 0.1%p\n3. 우리신용/체크카드 보유 연0.1%p\n4. 인터넷/스마트뱅킹으로 가입 연0.1%p",
        "join_deny": "1",
        "join_member": "실명의 개인",
        "etc_note": "해당없음",
        "max_limit": 3000000,
        "dcls_strt_day": "20160920",
        "dcls_end_day": null,
        "fin_co_subm_day": "201609201049"
      },
      {
        "dcls_month": "201609",
        "fin_co_no": "0010016",
        "fin_prdt_cd": "10521001000861003",
        "kor_co_nm": "대구은행",
        "fin_prdt_nm": "DGB희망더하기적금",
        "join_way": "영업점",
        "mtrt_int": "만기 후 1개월 미만 경과: 약정이자율 x 50%\n만기 후 3개월 미만 경과: 약정이자율 x 25%\n만기 후 3개월 이상 경과: 약정이자율 x 10%",
        "spcl_cnd": "* 최고우대금리 : 2.0%\n - 자동이체 우대 : 2.0%\n \n※ 단위는 연%p",
        "join_deny": "2",
        "join_member": "기초생활수급자, 등록장애인(1급 ~ 3급), 소년소녀가장, 결혼이민여성, 근로장려금수급자, 한부모가족지원 보호대상자, 차상위계층(단, 만65세이상 고령자에 한함)",
        "etc_note": "1. 1계좌당 가입한도 : 월 30만원 (최저 1만원 이상)\n2. 저축기간 중 적용금리 변동 : 고시금리 기준 변동금리 적용",
        "max_limit": 300000,
        "dcls_strt_day": "20160920",
        "dcls_end_day": null,
        "fin_co_subm_day": "201609201130"
      },
      {
        "dcls_month": "201609",
        "fin_co_no": "0010026",
        "fin_prdt_cd": "01211210095",
        "kor_co_nm": "중소기업은행",
        "fin_prdt_nm": "IBK사랑나눔적금",
        "join_way": "영업점",
        "mtrt_int": "만기일 당시 가계우대정기적금 만기후금리 적용\n- 1개월 이내: 만기일 당시 약정금리×50%\n- 1월 초과 6개월 이내: 만기일 당시 약정금리×30%\n- 6개월 초과: 만기일 당시 약정금리×20%",
        "spcl_cnd": "최고 연 1.80%p\n(계약기간별 고시금리와 동일한 금리를 우대금리로 제공)",
        "join_deny": "2",
        "join_member": "장애인,기초생활수급자,소년소녀가장,북한이탈주민,결혼이민여성,한부모가족지원보호 대상자,차상위계층 이하 만65세 이상인 실명의 개인(개인사업자 제외)",
        "etc_note": "1인당 2계좌 가입가능하며, 계좌당 월적립금액 50만원 이하로 제한",
        "max_limit": 10000000,
        "dcls_strt_day": "20160920",
        "dcls_end_day": null,
        "fin_co_subm_day": "201609201050"
      },      {
        "dcls_month": "201609",
        "fin_co_no": "0010927",
        "fin_prdt_cd": "010200100070",
        "kor_co_nm": "국민은행",
        "fin_prdt_nm": "KB내맘대로적금\n(정액적립식)",
        "join_way": "인터넷,스마트폰",
        "mtrt_int": "- 만기후 1개월이내 : 기본이율 X 50%\n- 만기후 1개월초과~3개월이내 : 기본이율 X 30%\n- 만기후 3개월초과 : 0.2%\n\n※ 단위 : 연%",
        "spcl_cnd": "※우대이율 최고:연0.6%p\n-급여이체:0.1\n-카드결제계좌:0.1\n-자동이체저축:0.1\n-아파트관리비이체:0.1\n-KB스타뱅킹 이체:0.1\n-장기거래:0.1\n-첫 거래:0.1\n-주택청약종합저축:0.1\n-소중한날:0.1\n(단위:%p)",
        "join_deny": "1",
        "join_member": "제한없음",
        "etc_note": "해당없음",
        "max_limit": null,
        "dcls_strt_day": "20160920",
        "dcls_end_day": null,
        "fin_co_subm_day": "201609201052"
      },
      {
        "dcls_month": "202505",
        "fin_co_no": "0011002",
        "fin_prdt_cd": "SH00001",
        "kor_co_nm": "신한은행",
        "fin_prdt_nm": "신한 첫 거래 적금",
        "join_way": "인터넷,스마트폰,영업점",
        "mtrt_int": "- 만기후 1개월이내 : 기본이율 X 50%\n- 만기후 1개월초과~3개월이내 : 기본이율 X 30%\n- 만기후 3개월초과 : 0.2%",
        "spcl_cnd": "※우대이율 최고:연0.5%p\n-급여이체:0.1\n-카드결제:0.1\n-자동이체:0.1\n-신한S뱅킹:0.1\n-장기거래:0.1",
        "join_deny": "1",
        "join_member": "제한없음",
        "etc_note": "해당없음",
        "max_limit": 5000000,
        "dcls_strt_day": "20250501",
        "dcls_end_day": null,
        "fin_co_subm_day": "202505011050"
      },
      {
        "dcls_month": "202505",
        "fin_co_no": "0011003",
        "fin_prdt_cd": "HN00001",
        "kor_co_nm": "하나은행",
        "fin_prdt_nm": "하나 더 나은 적금",
        "join_way": "인터넷,스마트폰,영업점",
        "mtrt_int": "- 만기후 1개월이내 : 기본이율 X 50%\n- 만기후 1개월초과~3개월이내 : 기본이율 X 30%\n- 만기후 3개월초과 : 0.2%",
        "spcl_cnd": "※우대이율 최고:연0.6%p\n-급여이체:0.2\n-카드결제:0.1\n-자동이체:0.1\n-하나원큐앱:0.1\n-장기거래:0.1",
        "join_deny": "1",
        "join_member": "제한없음",
        "etc_note": "해당없음",
        "max_limit": 5000000,
        "dcls_strt_day": "20250501",
        "dcls_end_day": null,
        "fin_co_subm_day": "202505011055"
      },
      {
        "dcls_month": "202505",
        "fin_co_no": "0011004",
        "fin_prdt_cd": "NH00001",
        "kor_co_nm": "NH농협은행",
        "fin_prdt_nm": "NH내일키움적금",
        "join_way": "인터넷,스마트폰,영업점",
        "mtrt_int": "- 만기후 1개월이내 : 기본이율 X 50%\n- 만기후 1개월초과~3개월이내 : 기본이율 X 30%\n- 만기후 3개월초과 : 0.2%",
        "spcl_cnd": "※우대이율 최고:연0.5%p\n-급여이체:0.2\n-카드결제:0.1\n-자동이체:0.1\n-NH스마트뱅킹:0.1",
        "join_deny": "1",
        "join_member": "제한없음",
        "etc_note": "해당없음",
        "max_limit": 3000000,
        "dcls_strt_day": "20250501",
        "dcls_end_day": null,
        "fin_co_subm_day": "202505011100"
      },
      {
        "dcls_month": "202505",
        "fin_co_no": "0011005",
        "fin_prdt_cd": "SC00001",
        "kor_co_nm": "SC제일은행",
        "fin_prdt_nm": "SC더 좋은 적금",
        "join_way": "인터넷,스마트폰,영업점",
        "mtrt_int": "- 만기후 1개월이내 : 기본이율 X 50%\n- 만기후 1개월초과~3개월이내 : 기본이율 X 30%\n- 만기후 3개월초과 : 0.2%",
        "spcl_cnd": "※우대이율 최고:연0.4%p\n-급여이체:0.2\n-카드결제:0.1\n-자동이체:0.1",
        "join_deny": "1",
        "join_member": "제한없음",
        "etc_note": "해당없음",
        "max_limit": 3000000,
        "dcls_strt_day": "20250501",
        "dcls_end_day": null,
        "fin_co_subm_day": "202505011105"
      },
      {
        "dcls_month": "202505",
        "fin_co_no": "0011006",
        "fin_prdt_cd": "KDB00001",
        "kor_co_nm": "KDB산업은행",
        "fin_prdt_nm": "KDB꿈더미적금",
        "join_way": "인터넷,스마트폰,영업점",
        "mtrt_int": "- 만기후 1개월이내 : 기본이율 X 50%\n- 만기후 1개월초과~3개월이내 : 기본이율 X 30%\n- 만기후 3개월초과 : 0.2%",
        "spcl_cnd": "※우대이율 최고:연0.5%p\n-급여이체:0.2\n-카드결제:0.1\n-자동이체:0.1\n-디지털뱅킹:0.1",
        "join_deny": "1",
        "join_member": "제한없음",
        "etc_note": "해당없음",
        "max_limit": 5000000,
        "dcls_strt_day": "20250501",
        "dcls_end_day": null,
        "fin_co_subm_day": "202505011110"
      },
      {
        "dcls_month": "202505",
        "fin_co_no": "0011007",
        "fin_prdt_cd": "SH00001",
        "kor_co_nm": "수협은행",
        "fin_prdt_nm": "수협 행복 적금",
        "join_way": "인터넷,스마트폰,영업점",
        "mtrt_int": "- 만기후 1개월이내 : 기본이율 X 50%\n- 만기후 1개월초과~3개월이내 : 기본이율 X 30%\n- 만기후 3개월초과 : 0.2%",
        "spcl_cnd": "※우대이율 최고:연0.4%p\n-급여이체:0.1\n-카드결제:0.1\n-자동이체:0.1\n-수협뱅킹:0.1",
        "join_deny": "1",
        "join_member": "제한없음",
        "etc_note": "해당없음",
        "max_limit": 3000000,
        "dcls_strt_day": "20250501",
        "dcls_end_day": null,
        "fin_co_subm_day": "202505011115"
      },
      {
        "dcls_month": "202505",
        "fin_co_no": "0011008",
        "fin_prdt_cd": "CITY00001",
        "kor_co_nm": "시티은행",
        "fin_prdt_nm": "시티 글로벌 적금",
        "join_way": "인터넷,스마트폰,영업점",
        "mtrt_int": "- 만기후 1개월이내 : 기본이율 X 50%\n- 만기후 1개월초과~3개월이내 : 기본이율 X 30%\n- 만기후 3개월초과 : 0.2%",
        "spcl_cnd": "※우대이율 최고:연0.5%p\n-급여이체:0.1\n-카드결제:0.1\n-자동이체:0.1\n-시티모바일:0.2",
        "join_deny": "1",
        "join_member": "제한없음",
        "etc_note": "해당없음",
        "max_limit": 10000000,
        "dcls_strt_day": "20250501",
        "dcls_end_day": null,
        "fin_co_subm_day": "202505011120"
      },
      {
        "dcls_month": "202505",
        "fin_co_no": "0011009",
        "fin_prdt_cd": "BNK00001",
        "kor_co_nm": "BNK부산은행",
        "fin_prdt_nm": "BNK부산 희망적금",
        "join_way": "인터넷,스마트폰,영업점",
        "mtrt_int": "- 만기후 1개월이내 : 기본이율 X 50%\n- 만기후 1개월초과~3개월이내 : 기본이율 X 30%\n- 만기후 3개월초과 : 0.2%",
        "spcl_cnd": "※우대이율 최고:연0.4%p\n-급여이체:0.1\n-카드결제:0.1\n-자동이체:0.1\n-부산뱅크:0.1",
        "join_deny": "1",
        "join_member": "제한없음",
        "etc_note": "해당없음",
        "max_limit": 3000000,
        "dcls_strt_day": "20250501",
        "dcls_end_day": null,
        "fin_co_subm_day": "202505011125"
      },
      {
        "dcls_month": "202505",
        "fin_co_no": "0011010",
        "fin_prdt_cd": "KJ00001",
        "kor_co_nm": "광주은행",
        "fin_prdt_nm": "광주 미래적금",
        "join_way": "인터넷,스마트폰,영업점",
        "mtrt_int": "- 만기후 1개월이내 : 기본이율 X 50%\n- 만기후 1개월초과~3개월이내 : 기본이율 X 30%\n- 만기후 3개월초과 : 0.2%",
        "spcl_cnd": "※우대이율 최고:연0.4%p\n-급여이체:0.1\n-카드결제:0.1\n-자동이체:0.1\n-모바일뱅킹:0.1",
        "join_deny": "1",
        "join_member": "제한없음",
        "etc_note": "해당없음",
        "max_limit": 3000000,
        "dcls_strt_day": "20250501",
        "dcls_end_day": null,
        "fin_co_subm_day": "202505011130"
      },
      {
        "dcls_month": "202505",
        "fin_co_no": "0011011",
        "fin_prdt_cd": "JB00001",
        "kor_co_nm": "전북은행",
        "fin_prdt_nm": "전북 행복 적금",
        "join_way": "인터넷,스마트폰,영업점",
        "mtrt_int": "- 만기후 1개월이내 : 기본이율 X 50%\n- 만기후 1개월초과~3개월이내 : 기본이율 X 30%\n- 만기후 3개월초과 : 0.2%",
        "spcl_cnd": "※우대이율 최고:연0.4%p\n-급여이체:0.1\n-카드결제:0.1\n-자동이체:0.1\n-JB뱅킹:0.1",
        "join_deny": "1",
        "join_member": "제한없음",
        "etc_note": "해당없음",
        "max_limit": 3000000,
        "dcls_strt_day": "20250501",
        "dcls_end_day": null,
        "fin_co_subm_day": "202505011135"
      },
      {
        "dcls_month": "202505",
        "fin_co_no": "0011012",
        "fin_prdt_cd": "KBANK00001",
        "kor_co_nm": "케이뱅크",
        "fin_prdt_nm": "케이뱅크 코어 적금",
        "join_way": "인터넷,스마트폰",
        "mtrt_int": "- 만기후 1개월이내 : 기본이율 X 50%\n- 만기후 1개월초과~3개월이내 : 기본이율 X 30%\n- 만기후 3개월초과 : 0.2%",
        "spcl_cnd": "※우대이율 최고:연0.6%p\n-급여이체:0.2\n-카드결제:0.2\n-자동이체:0.1\n-첫거래:0.1",
        "join_deny": "1",
        "join_member": "제한없음",
        "etc_note": "해당없음",
        "max_limit": 10000000,
        "dcls_strt_day": "20250501",
        "dcls_end_day": null,
        "fin_co_subm_day": "202505011140"
      },
      {
        "dcls_month": "202505",
        "fin_co_no": "0011013",
        "fin_prdt_cd": "KAKAO00001",
        "kor_co_nm": "카카오뱅크",
        "fin_prdt_nm": "카카오뱅크 적금",
        "join_way": "인터넷,스마트폰",
        "mtrt_int": "- 만기후 1개월이내 : 기본이율 X 50%\n- 만기후 1개월초과~3개월이내 : 기본이율 X 30%\n- 만기후 3개월초과 : 0.2%",
        "spcl_cnd": "※우대이율 최고:연0.6%p\n-급여이체:0.2\n-카드결제:0.2\n-자동이체:0.1\n-추천친구:0.1",
        "join_deny": "1",
        "join_member": "제한없음",
        "etc_note": "해당없음",
        "max_limit": 10000000,
        "dcls_strt_day": "20250501",
        "dcls_end_day": null,
        "fin_co_subm_day": "202505011145"
      },
      {
        "dcls_month": "202505",
        "fin_co_no": "0011014",
        "fin_prdt_cd": "JT00001",
        "kor_co_nm": "JT친애저축은행",
        "fin_prdt_nm": "JT친애 스마트적금",
        "join_way": "인터넷,스마트폰",
        "mtrt_int": "- 만기후 1개월이내 : 기본이율 X 50%\n- 만기후 1개월초과~3개월이내 : 기본이율 X 30%\n- 만기후 3개월초과 : 0.2%",
        "spcl_cnd": "※우대이율 최고:연0.5%p\n-급여이체:0.2\n-카드결제:0.1\n-자동이체:0.1\n-모바일뱅킹:0.1",
        "join_deny": "1",
        "join_member": "제한없음",
        "etc_note": "해당없음",
        "max_limit": 3000000,
        "dcls_strt_day": "20250501",
        "dcls_end_day": null,
        "fin_co_subm_day": "202505011150"
      },
      {
        "dcls_month": "202505",
        "fin_co_no": "0011015",
        "fin_prdt_cd": "SBI00001",
        "kor_co_nm": "SBI저축은행",
        "fin_prdt_nm": "SBI 든든 적금",
        "join_way": "인터넷,스마트폰",
        "mtrt_int": "- 만기후 1개월이내 : 기본이율 X 50%\n- 만기후 1개월초과~3개월이내 : 기본이율 X 30%\n- 만기후 3개월초과 : 0.2%",
        "spcl_cnd": "※우대이율 최고:연0.5%p\n-급여이체:0.2\n-카드결제:0.1\n-자동이체:0.1\n-모바일앱:0.1",
        "join_deny": "1",
        "join_member": "제한없음",
        "etc_note": "해당없음",
        "max_limit": 5000000,
        "dcls_strt_day": "20250501",
        "dcls_end_day": null,
        "fin_co_subm_day": "202505011155"
      },
      {
        "dcls_month": "202505",
        "fin_co_no": "0011016",
        "fin_prdt_cd": "WC00001",
        "kor_co_nm": "웰컴저축은행",
        "fin_prdt_nm": "웰컴 행복 적금",
        "join_way": "인터넷,스마트폰",
        "mtrt_int": "- 만기후 1개월이내 : 기본이율 X 50%\n- 만기후 1개월초과~3개월이내 : 기본이율 X 30%\n- 만기후 3개월초과 : 0.2%",
        "spcl_cnd": "※우대이율 최고:연0.5%p\n-급여이체:0.2\n-카드결제:0.1\n-자동이체:0.1\n-웰컴앱:0.1",
        "join_deny": "1",
        "join_member": "제한없음",
        "etc_note": "해당없음",
        "max_limit": 3000000,
        "dcls_strt_day": "20250501",
        "dcls_end_day": null,
        "fin_co_subm_day": "202505011200"
      },
      {
        "dcls_month": "202505",
        "fin_co_no": "0011017",
        "fin_prdt_cd": "OK00001",
        "kor_co_nm": "OK저축은행",
        "fin_prdt_nm": "OK 성공 적금",
        "join_way": "인터넷,스마트폰",
        "mtrt_int": "- 만기후 1개월이내 : 기본이율 X 50%\n- 만기후 1개월초과~3개월이내 : 기본이율 X 30%\n- 만기후 3개월초과 : 0.2%",
        "spcl_cnd": "※우대이율 최고:연0.5%p\n-급여이체:0.2\n-카드결제:0.1\n-자동이체:0.1\n-앱가입:0.1",
        "join_deny": "1",
        "join_member": "제한없음",
        "etc_note": "해당없음",
        "max_limit": 3000000,
        "dcls_strt_day": "20250501",
        "dcls_end_day": null,
        "fin_co_subm_day": "202505011205"
      }
    ],
    "optionList": [
      {
        "dcls_month": "201609",
        "fin_co_no": "0010001",
        "fin_prdt_cd": "WR0001A",
        "intr_rate_type": "S",
        "intr_rate_type_nm": "단리",
        "rsrv_type": "S",
        "rsrv_type_nm": "정액적립식",
        "save_trm": "24",
        "intr_rate": 1.7,
        "intr_rate2": 1.9
      },
      {
        "dcls_month": "201609",
        "fin_co_no": "0010001",
        "fin_prdt_cd": "WR0001A",
        "intr_rate_type": "S",
        "intr_rate_type_nm": "단리",
        "rsrv_type": "S",
        "rsrv_type_nm": "정액적립식",
        "save_trm": "36",
        "intr_rate": 1.75,
        "intr_rate2": 1.95
      },
      {
        "dcls_month": "201609",
        "fin_co_no": "0010001",
        "fin_prdt_cd": "WR0001B",
        "intr_rate_type": "S",
        "intr_rate_type_nm": "단리",
        "rsrv_type": "S",
        "rsrv_type_nm": "정액적립식",
        "save_trm": "36",
        "intr_rate": 1.6,
        "intr_rate2": 1.8
      },
      {
        "dcls_month": "201609",
        "fin_co_no": "0010016",
        "fin_prdt_cd": "10521001000861003",
        "intr_rate_type": "S",
        "intr_rate_type_nm": "단리",
        "rsrv_type": "S",
        "rsrv_type_nm": "정액적립식",
        "save_trm": "12",
        "intr_rate": 3,
        "intr_rate2": 5
      },
      {
        "dcls_month": "201609",
        "fin_co_no": "0010026",
        "fin_prdt_cd": "01211210095",
        "intr_rate_type": "S",
        "intr_rate_type_nm": "단리",
        "rsrv_type": "F",
        "rsrv_type_nm": "자유적립식",
        "save_trm": "12",
        "intr_rate": 1.7,
        "intr_rate2": 3.4
      },      {
        "dcls_month": "201609",
        "fin_co_no": "0010927",
        "fin_prdt_cd": "010200100070",
        "intr_rate_type": "S",
        "intr_rate_type_nm": "단리",
        "rsrv_type": "S",
        "rsrv_type_nm": "정액적립식",
        "save_trm": "36",
        "intr_rate": 1.8,
        "intr_rate2": 2.4
      },
      {
        "dcls_month": "202505",
        "fin_co_no": "0011002",
        "fin_prdt_cd": "SH00001",
        "intr_rate_type": "S",
        "intr_rate_type_nm": "단리",
        "rsrv_type": "S",
        "rsrv_type_nm": "정액적립식",
        "save_trm": "12",
        "intr_rate": 2.5,
        "intr_rate2": 3.0
      },
      {
        "dcls_month": "202505",
        "fin_co_no": "0011002",
        "fin_prdt_cd": "SH00001",
        "intr_rate_type": "S",
        "intr_rate_type_nm": "단리",
        "rsrv_type": "S",
        "rsrv_type_nm": "정액적립식",
        "save_trm": "24",
        "intr_rate": 2.7,
        "intr_rate2": 3.2
      },
      {
        "dcls_month": "202505",
        "fin_co_no": "0011003",
        "fin_prdt_cd": "HN00001",
        "intr_rate_type": "S",
        "intr_rate_type_nm": "단리",
        "rsrv_type": "S",
        "rsrv_type_nm": "정액적립식",
        "save_trm": "12",
        "intr_rate": 2.4,
        "intr_rate2": 3.0
      },
      {
        "dcls_month": "202505",
        "fin_co_no": "0011004",
        "fin_prdt_cd": "NH00001",
        "intr_rate_type": "S",
        "intr_rate_type_nm": "단리",
        "rsrv_type": "S",
        "rsrv_type_nm": "정액적립식",
        "save_trm": "12",
        "intr_rate": 2.3,
        "intr_rate2": 2.8
      },
      {
        "dcls_month": "202505",
        "fin_co_no": "0011005",
        "fin_prdt_cd": "SC00001",
        "intr_rate_type": "S",
        "intr_rate_type_nm": "단리",
        "rsrv_type": "S",
        "rsrv_type_nm": "정액적립식",
        "save_trm": "12",
        "intr_rate": 2.2,
        "intr_rate2": 2.6
      },
      {
        "dcls_month": "202505",
        "fin_co_no": "0011006",
        "fin_prdt_cd": "KDB00001",
        "intr_rate_type": "S",
        "intr_rate_type_nm": "단리",
        "rsrv_type": "S",
        "rsrv_type_nm": "정액적립식",
        "save_trm": "12",
        "intr_rate": 2.4,
        "intr_rate2": 2.9
      },
      {
        "dcls_month": "202505",
        "fin_co_no": "0011007",
        "fin_prdt_cd": "SH00001",
        "intr_rate_type": "S",
        "intr_rate_type_nm": "단리",
        "rsrv_type": "S",
        "rsrv_type_nm": "정액적립식",
        "save_trm": "12",
        "intr_rate": 2.3,
        "intr_rate2": 2.7
      },
      {
        "dcls_month": "202505",
        "fin_co_no": "0011008",
        "fin_prdt_cd": "CITY00001",
        "intr_rate_type": "S",
        "intr_rate_type_nm": "단리",
        "rsrv_type": "S",
        "rsrv_type_nm": "정액적립식",
        "save_trm": "12",
        "intr_rate": 2.2,
        "intr_rate2": 2.7
      },
      {
        "dcls_month": "202505",
        "fin_co_no": "0011009",
        "fin_prdt_cd": "BNK00001",
        "intr_rate_type": "S",
        "intr_rate_type_nm": "단리",
        "rsrv_type": "S",
        "rsrv_type_nm": "정액적립식",
        "save_trm": "12",
        "intr_rate": 2.3,
        "intr_rate2": 2.7
      },
      {
        "dcls_month": "202505",
        "fin_co_no": "0011010",
        "fin_prdt_cd": "KJ00001",
        "intr_rate_type": "S",
        "intr_rate_type_nm": "단리",
        "rsrv_type": "S",
        "rsrv_type_nm": "정액적립식",
        "save_trm": "12",
        "intr_rate": 2.2,
        "intr_rate2": 2.6
      },
      {
        "dcls_month": "202505",
        "fin_co_no": "0011011",
        "fin_prdt_cd": "JB00001",
        "intr_rate_type": "S",
        "intr_rate_type_nm": "단리",
        "rsrv_type": "S",
        "rsrv_type_nm": "정액적립식",
        "save_trm": "12",
        "intr_rate": 2.2,
        "intr_rate2": 2.6
      },
      {
        "dcls_month": "202505",
        "fin_co_no": "0011012",
        "fin_prdt_cd": "KBANK00001",
        "intr_rate_type": "S",
        "intr_rate_type_nm": "단리",
        "rsrv_type": "S",
        "rsrv_type_nm": "정액적립식",
        "save_trm": "12",
        "intr_rate": 2.8,
        "intr_rate2": 3.4
      },
      {
        "dcls_month": "202505",
        "fin_co_no": "0011013",
        "fin_prdt_cd": "KAKAO00001",
        "intr_rate_type": "S",
        "intr_rate_type_nm": "단리",
        "rsrv_type": "S",
        "rsrv_type_nm": "정액적립식",
        "save_trm": "12",
        "intr_rate": 2.9,
        "intr_rate2": 3.5
      },
      {
        "dcls_month": "202505",
        "fin_co_no": "0011014",
        "fin_prdt_cd": "JT00001",
        "intr_rate_type": "S",
        "intr_rate_type_nm": "단리",
        "rsrv_type": "S",
        "rsrv_type_nm": "정액적립식",
        "save_trm": "12",
        "intr_rate": 3.1,
        "intr_rate2": 3.6
      },
      {
        "dcls_month": "202505",
        "fin_co_no": "0011015",
        "fin_prdt_cd": "SBI00001",
        "intr_rate_type": "S",
        "intr_rate_type_nm": "단리",
        "rsrv_type": "S",
        "rsrv_type_nm": "정액적립식",
        "save_trm": "12",
        "intr_rate": 3.2,
        "intr_rate2": 3.7
      },
      {
        "dcls_month": "202505",
        "fin_co_no": "0011016",
        "fin_prdt_cd": "WC00001",
        "intr_rate_type": "S",
        "intr_rate_type_nm": "단리",
        "rsrv_type": "S",
        "rsrv_type_nm": "정액적립식",
        "save_trm": "12",
        "intr_rate": 3.3,
        "intr_rate2": 3.8
      },
      {
        "dcls_month": "202505",
        "fin_co_no": "0011017",
        "fin_prdt_cd": "OK00001",
        "intr_rate_type": "S",
        "intr_rate_type_nm": "단리",
        "rsrv_type": "S",
        "rsrv_type_nm": "정액적립식",
        "save_trm": "12",
        "intr_rate": 3.4,
        "intr_rate2": 3.9
      }
    ]
  }
}
